{"pages":["Roboto-msdf.png"],"chars":[{"id":41,"width":22,"height":53,"xoffset":0,"yoffset":-33.6943359375,"xadvance":14.6015625,"chnl":15,"x":0,"y":0,"page":0},{"id":40,"width":24,"height":53,"xoffset":0,"yoffset":-33.6943359375,"xadvance":14.35546875,"chnl":15,"x":0,"y":55,"page":0},{"id":93,"width":18,"height":51,"xoffset":0,"yoffset":-34.125,"xadvance":11.1357421875,"chnl":15,"x":0,"y":110,"page":0},{"id":91,"width":21,"height":51,"xoffset":0,"yoffset":-34.125,"xadvance":11.1357421875,"chnl":15,"x":0,"y":163,"page":0},{"id":125,"width":23,"height":50,"xoffset":0,"yoffset":-32.7509765625,"xadvance":14.2119140625,"chnl":15,"x":0,"y":216,"page":0},{"id":123,"width":24,"height":50,"xoffset":0,"yoffset":-32.7509765625,"xadvance":14.2119140625,"chnl":15,"x":0,"y":268,"page":0},{"id":106,"width":18,"height":49,"xoffset":0,"yoffset":-30.26953125,"xadvance":10.0283203125,"chnl":15,"x":0,"y":320,"page":0},{"id":36,"width":31,"height":49,"xoffset":0,"yoffset":-34.69921875,"xadvance":23.583984375,"chnl":15,"x":0,"y":371,"page":0},{"id":64,"width":46,"height":49,"xoffset":0,"yoffset":-29.3466796875,"xadvance":37.7138671875,"chnl":15,"x":0,"y":422,"page":0},{"id":87,"width":46,"height":40,"xoffset":0,"yoffset":-29.859375,"xadvance":37.2626953125,"chnl":15,"x":48,"y":422,"page":0},{"id":124,"width":17,"height":45,"xoffset":0,"yoffset":-29.859375,"xadvance":10.2333984375,"chnl":15,"x":33,"y":371,"page":0},{"id":81,"width":36,"height":45,"xoffset":0,"yoffset":-30.26953125,"xadvance":28.875,"chnl":15,"x":52,"y":371,"page":0},{"id":109,"width":44,"height":33,"xoffset":0,"yoffset":-22.599609375,"xadvance":36.8115234375,"chnl":15,"x":0,"y":473,"page":0},{"id":77,"width":43,"height":40,"xoffset":0,"yoffset":-29.859375,"xadvance":36.66796875,"chnl":15,"x":96,"y":422,"page":0},{"id":39,"width":15,"height":42,"xoffset":0,"yoffset":-31.5,"xadvance":7.3212890625,"chnl":15,"x":90,"y":371,"page":0},{"id":34,"width":21,"height":42,"xoffset":0,"yoffset":-31.5,"xadvance":13.4326171875,"chnl":15,"x":107,"y":371,"page":0},{"id":92,"width":27,"height":42,"xoffset":0,"yoffset":-29.859375,"xadvance":17.2265625,"chnl":15,"x":130,"y":371,"page":0},{"id":104,"width":30,"height":42,"xoffset":0,"yoffset":-31.5,"xadvance":23.1328125,"chnl":15,"x":159,"y":371,"page":0},{"id":47,"width":26,"height":42,"xoffset":0,"yoffset":-29.859375,"xadvance":17.30859375,"chnl":15,"x":191,"y":371,"page":0},{"id":108,"width":17,"height":42,"xoffset":0,"yoffset":-31.5,"xadvance":10.1923828125,"chnl":15,"x":219,"y":371,"page":0},{"id":98,"width":32,"height":42,"xoffset":0,"yoffset":-31.5,"xadvance":23.5634765625,"chnl":15,"x":238,"y":371,"page":0},{"id":107,"width":31,"height":42,"xoffset":0,"yoffset":-31.5,"xadvance":21.287109375,"chnl":15,"x":272,"y":371,"page":0},{"id":100,"width":31,"height":42,"xoffset":0,"yoffset":-31.5,"xadvance":23.6865234375,"chnl":15,"x":305,"y":371,"page":0},{"id":102,"width":25,"height":42,"xoffset":0,"yoffset":-31.9306640625,"xadvance":14.5810546875,"chnl":15,"x":338,"y":371,"page":0},{"id":48,"width":31,"height":41,"xoffset":0,"yoffset":-30.26953125,"xadvance":23.583984375,"chnl":15,"x":365,"y":371,"page":0},{"id":51,"width":31,"height":41,"xoffset":0,"yoffset":-30.26953125,"xadvance":23.583984375,"chnl":15,"x":398,"y":371,"page":0},{"id":83,"width":33,"height":41,"xoffset":0,"yoffset":-30.26953125,"xadvance":24.9169921875,"chnl":15,"x":431,"y":371,"page":0},{"id":56,"width":31,"height":41,"xoffset":0,"yoffset":-30.26953125,"xadvance":23.583984375,"chnl":15,"x":466,"y":371,"page":0},{"id":119,"width":41,"height":32,"xoffset":0,"yoffset":-22.189453125,"xadvance":31.5615234375,"chnl":15,"x":46,"y":473,"page":0},{"id":37,"width":39,"height":41,"xoffset":0,"yoffset":-30.2900390625,"xadvance":30.76171875,"chnl":15,"x":20,"y":320,"page":0},{"id":103,"width":31,"height":41,"xoffset":0,"yoffset":-22.599609375,"xadvance":23.5634765625,"chnl":15,"x":61,"y":320,"page":0},{"id":113,"width":31,"height":41,"xoffset":0,"yoffset":-22.599609375,"xadvance":23.87109375,"chnl":15,"x":94,"y":320,"page":0},{"id":96,"width":20,"height":41,"xoffset":0,"yoffset":-31.458984375,"xadvance":12.9814453125,"chnl":15,"x":127,"y":320,"page":0},{"id":38,"width":36,"height":41,"xoffset":0,"yoffset":-30.26953125,"xadvance":26.1064453125,"chnl":15,"x":149,"y":320,"page":0},{"id":121,"width":29,"height":41,"xoffset":0,"yoffset":-22.189453125,"xadvance":19.8720703125,"chnl":15,"x":187,"y":320,"page":0},{"id":67,"width":35,"height":41,"xoffset":0,"yoffset":-30.26953125,"xadvance":27.3369140625,"chnl":15,"x":218,"y":320,"page":0},{"id":79,"width":36,"height":41,"xoffset":0,"yoffset":-30.26953125,"xadvance":28.875,"chnl":15,"x":255,"y":320,"page":0},{"id":71,"width":36,"height":41,"xoffset":0,"yoffset":-30.26953125,"xadvance":28.6083984375,"chnl":15,"x":293,"y":320,"page":0},{"id":112,"width":32,"height":41,"xoffset":0,"yoffset":-22.599609375,"xadvance":23.5634765625,"chnl":15,"x":331,"y":320,"page":0},{"id":72,"width":36,"height":40,"xoffset":0,"yoffset":-29.859375,"xadvance":29.94140625,"chnl":15,"x":141,"y":422,"page":0},{"id":73,"width":18,"height":40,"xoffset":0,"yoffset":-29.859375,"xadvance":11.4228515625,"chnl":15,"x":179,"y":422,"page":0},{"id":74,"width":30,"height":40,"xoffset":0,"yoffset":-29.859375,"xadvance":23.173828125,"chnl":15,"x":199,"y":422,"page":0},{"id":75,"width":36,"height":40,"xoffset":0,"yoffset":-29.859375,"xadvance":26.33203125,"chnl":15,"x":231,"y":422,"page":0},{"id":76,"width":32,"height":40,"xoffset":0,"yoffset":-29.859375,"xadvance":22.599609375,"chnl":15,"x":269,"y":422,"page":0},{"id":57,"width":31,"height":40,"xoffset":0,"yoffset":-30.26953125,"xadvance":23.583984375,"chnl":15,"x":303,"y":422,"page":0},{"id":78,"width":36,"height":40,"xoffset":0,"yoffset":-29.859375,"xadvance":29.94140625,"chnl":15,"x":336,"y":422,"page":0},{"id":33,"width":18,"height":40,"xoffset":0,"yoffset":-29.859375,"xadvance":10.8076171875,"chnl":15,"x":374,"y":422,"page":0},{"id":80,"width":35,"height":40,"xoffset":0,"yoffset":-29.859375,"xadvance":26.49609375,"chnl":15,"x":394,"y":422,"page":0},{"id":42,"width":27,"height":40,"xoffset":0,"yoffset":-29.859375,"xadvance":18.087890625,"chnl":15,"x":431,"y":422,"page":0},{"id":82,"width":35,"height":40,"xoffset":0,"yoffset":-29.859375,"xadvance":25.8603515625,"chnl":15,"x":460,"y":422,"page":0},{"id":49,"width":25,"height":40,"xoffset":0,"yoffset":-30.0029296875,"xadvance":23.583984375,"chnl":15,"x":365,"y":320,"page":0},{"id":84,"width":34,"height":40,"xoffset":0,"yoffset":-29.859375,"xadvance":25.060546875,"chnl":15,"x":392,"y":320,"page":0},{"id":85,"width":34,"height":40,"xoffset":0,"yoffset":-29.859375,"xadvance":27.234375,"chnl":15,"x":428,"y":320,"page":0},{"id":86,"width":36,"height":40,"xoffset":0,"yoffset":-29.859375,"xadvance":26.7216796875,"chnl":15,"x":464,"y":320,"page":0},{"id":50,"width":32,"height":40,"xoffset":0,"yoffset":-30.26953125,"xadvance":23.583984375,"chnl":15,"x":26,"y":268,"page":0},{"id":88,"width":35,"height":40,"xoffset":0,"yoffset":-29.859375,"xadvance":26.33203125,"chnl":15,"x":60,"y":268,"page":0},{"id":89,"width":35,"height":40,"xoffset":0,"yoffset":-29.859375,"xadvance":25.224609375,"chnl":15,"x":97,"y":268,"page":0},{"id":90,"width":34,"height":40,"xoffset":0,"yoffset":-29.859375,"xadvance":25.142578125,"chnl":15,"x":134,"y":268,"page":0},{"id":105,"width":17,"height":40,"xoffset":0,"yoffset":-30.26953125,"xadvance":10.1923828125,"chnl":15,"x":170,"y":268,"page":0},{"id":52,"width":33,"height":40,"xoffset":0,"yoffset":-29.859375,"xadvance":23.583984375,"chnl":15,"x":189,"y":268,"page":0},{"id":63,"width":28,"height":40,"xoffset":0,"yoffset":-30.26953125,"xadvance":19.8310546875,"chnl":15,"x":224,"y":268,"page":0},{"id":94,"width":26,"height":40,"xoffset":0,"yoffset":-29.859375,"xadvance":17.5546875,"chnl":15,"x":254,"y":268,"page":0},{"id":53,"width":32,"height":40,"xoffset":0,"yoffset":-29.859375,"xadvance":23.583984375,"chnl":15,"x":282,"y":268,"page":0},{"id":65,"width":37,"height":40,"xoffset":0,"yoffset":-29.859375,"xadvance":27.3984375,"chnl":15,"x":316,"y":268,"page":0},{"id":66,"width":34,"height":40,"xoffset":0,"yoffset":-29.859375,"xadvance":26.1474609375,"chnl":15,"x":355,"y":268,"page":0},{"id":54,"width":32,"height":40,"xoffset":0,"yoffset":-29.8798828125,"xadvance":23.583984375,"chnl":15,"x":391,"y":268,"page":0},{"id":68,"width":35,"height":40,"xoffset":0,"yoffset":-29.859375,"xadvance":27.5419921875,"chnl":15,"x":425,"y":268,"page":0},{"id":55,"width":32,"height":40,"xoffset":0,"yoffset":-29.859375,"xadvance":23.583984375,"chnl":15,"x":462,"y":268,"page":0},{"id":70,"width":32,"height":40,"xoffset":0,"yoffset":-29.859375,"xadvance":23.21484375,"chnl":15,"x":25,"y":216,"page":0},{"id":35,"width":35,"height":40,"xoffset":0,"yoffset":-29.859375,"xadvance":25.8603515625,"chnl":15,"x":59,"y":216,"page":0},{"id":69,"width":32,"height":40,"xoffset":0,"yoffset":-29.859375,"xadvance":23.87109375,"chnl":15,"x":96,"y":216,"page":0},{"id":116,"width":22,"height":38,"xoffset":0,"yoffset":-27.5625,"xadvance":13.7197265625,"chnl":15,"x":130,"y":216,"page":0},{"id":59,"width":17,"height":38,"xoffset":0,"yoffset":-22.39453125,"xadvance":8.8798828125,"chnl":15,"x":154,"y":216,"page":0},{"id":126,"width":36,"height":26,"xoffset":0,"yoffset":-16.447265625,"xadvance":28.5673828125,"chnl":15,"x":89,"y":473,"page":0},{"id":43,"width":32,"height":35,"xoffset":0,"yoffset":-24.732421875,"xadvance":23.8095703125,"chnl":15,"x":173,"y":216,"page":0},{"id":60,"width":28,"height":33,"xoffset":0,"yoffset":-22.517578125,"xadvance":21.3486328125,"chnl":15,"x":207,"y":216,"page":0},{"id":97,"width":31,"height":33,"xoffset":0,"yoffset":-22.599609375,"xadvance":22.845703125,"chnl":15,"x":237,"y":216,"page":0},{"id":101,"width":31,"height":33,"xoffset":0,"yoffset":-22.599609375,"xadvance":22.2509765625,"chnl":15,"x":270,"y":216,"page":0},{"id":110,"width":30,"height":33,"xoffset":0,"yoffset":-22.599609375,"xadvance":23.173828125,"chnl":15,"x":303,"y":216,"page":0},{"id":111,"width":32,"height":33,"xoffset":0,"yoffset":-22.599609375,"xadvance":23.953125,"chnl":15,"x":335,"y":216,"page":0},{"id":62,"width":30,"height":33,"xoffset":0,"yoffset":-22.5380859375,"xadvance":21.943359375,"chnl":15,"x":369,"y":216,"page":0},{"id":58,"width":17,"height":33,"xoffset":0,"yoffset":-22.39453125,"xadvance":10.171875,"chnl":15,"x":401,"y":216,"page":0},{"id":114,"width":24,"height":33,"xoffset":0,"yoffset":-22.599609375,"xadvance":14.2119140625,"chnl":15,"x":420,"y":216,"page":0},{"id":115,"width":30,"height":33,"xoffset":0,"yoffset":-22.599609375,"xadvance":21.65625,"chnl":15,"x":446,"y":216,"page":0},{"id":99,"width":31,"height":33,"xoffset":0,"yoffset":-22.599609375,"xadvance":21.984375,"chnl":15,"x":478,"y":216,"page":0},{"id":117,"width":30,"height":33,"xoffset":0,"yoffset":-22.189453125,"xadvance":23.1533203125,"chnl":15,"x":23,"y":163,"page":0},{"id":118,"width":30,"height":32,"xoffset":0,"yoffset":-22.189453125,"xadvance":20.34375,"chnl":15,"x":55,"y":163,"page":0},{"id":120,"width":30,"height":32,"xoffset":0,"yoffset":-22.189453125,"xadvance":20.8154296875,"chnl":15,"x":87,"y":163,"page":0},{"id":122,"width":29,"height":32,"xoffset":0,"yoffset":-22.189453125,"xadvance":20.8154296875,"chnl":15,"x":119,"y":163,"page":0},{"id":61,"width":30,"height":30,"xoffset":0,"yoffset":-19.9951171875,"xadvance":23.05078125,"chnl":15,"x":150,"y":163,"page":0},{"id":95,"width":29,"height":13,"xoffset":0,"yoffset":0,"xadvance":18.94921875,"chnl":15,"x":127,"y":473,"page":0},{"id":45,"width":21,"height":24,"xoffset":0,"yoffset":-14.232421875,"xadvance":11.5869140625,"chnl":15,"x":182,"y":163,"page":0},{"id":44,"width":16,"height":20,"xoffset":0,"yoffset":-4.4912109375,"xadvance":8.244140625,"chnl":15,"x":496,"y":268,"page":0},{"id":46,"width":18,"height":15,"xoffset":0,"yoffset":-4.2861328125,"xadvance":11.0537109375,"chnl":15,"x":23,"y":198,"page":0},{"id":32,"width":0,"height":0,"xoffset":0,"yoffset":0,"xadvance":10.3974609375,"chnl":15,"x":0,"y":508,"page":0}],"info":{"face":"Roboto","size":42,"bold":0,"italic":0,"charset":[" ","!","\"","#","$","%","&","'","(",")","*","+",",","-",".","/","0","1","2","3","4","5","6","7","8","9",":",";","<","=",">","?","@","A","B","C","D","E","F","G","H","I","J","K","L","M","N","O","P","Q","R","S","T","U","V","W","X","Y","Z","[","\\","]","^","_","`","a","b","c","d","e","f","g","h","i","j","k","l","m","n","o","p","q","r","s","t","u","v","w","x","y","z","{","|","}","~"],"unicode":1,"stretchH":100,"smooth":1,"aa":1,"padding":[0,0,0,0],"spacing":[2,2]},"common":{"lineHeight":44.091796875,"base":38.96484375,"scaleW":512,"scaleH":512,"pages":1,"packed":0,"alphaChnl":0,"redChnl":0,"greenChnl":0,"blueChnl":0},"kernings":[{"first":32,"second":84,"amount":-0.8203125},{"first":34,"second":34,"amount":-2.1943359375},{"first":34,"second":39,"amount":-2.1943359375},{"first":34,"second":65,"amount":-2.4609375},{"first":34,"second":97,"amount":-1.025390625},{"first":34,"second":99,"amount":-1.2099609375},{"first":34,"second":100,"amount":-1.2099609375},{"first":34,"second":101,"amount":-1.2099609375},{"first":34,"second":103,"amount":-1.2099609375},{"first":34,"second":109,"amount":-0.41015625},{"first":34,"second":110,"amount":-0.41015625},{"first":34,"second":111,"amount":-1.2509765625},{"first":34,"second":112,"amount":-0.41015625},{"first":34,"second":113,"amount":-1.2099609375},{"first":34,"second":115,"amount":-1.640625},{"first":39,"second":34,"amount":-2.1943359375},{"first":39,"second":39,"amount":-2.1943359375},{"first":39,"second":65,"amount":-2.4609375},{"first":39,"second":97,"amount":-1.025390625},{"first":39,"second":99,"amount":-1.2099609375},{"first":39,"second":100,"amount":-1.2099609375},{"first":39,"second":101,"amount":-1.2099609375},{"first":39,"second":103,"amount":-1.2099609375},{"first":39,"second":109,"amount":-0.41015625},{"first":39,"second":110,"amount":-0.41015625},{"first":39,"second":111,"amount":-1.2509765625},{"first":39,"second":112,"amount":-0.41015625},{"first":39,"second":113,"amount":-1.2099609375},{"first":39,"second":115,"amount":-1.640625},{"first":40,"second":86,"amount":0.41015625},{"first":40,"second":87,"amount":0.369140625},{"first":40,"second":89,"amount":0.451171875},{"first":44,"second":34,"amount":-3.486328125},{"first":44,"second":39,"amount":-3.486328125},{"first":46,"second":34,"amount":-3.486328125},{"first":46,"second":39,"amount":-3.486328125},{"first":47,"second":47,"amount":-4.59375},{"first":65,"second":34,"amount":-2.4609375},{"first":65,"second":39,"amount":-2.4609375},{"first":65,"second":67,"amount":-0.2255859375},{"first":65,"second":71,"amount":-0.2255859375},{"first":65,"second":79,"amount":-0.2255859375},{"first":65,"second":81,"amount":-0.2255859375},{"first":65,"second":84,"amount":-2.6455078125},{"first":65,"second":85,"amount":-0.3486328125},{"first":65,"second":86,"amount":-1.7841796875},{"first":65,"second":87,"amount":-1.4150390625},{"first":65,"second":89,"amount":-1.927734375},{"first":65,"second":111,"amount":-0.24609375},{"first":65,"second":117,"amount":-0.2255859375},{"first":65,"second":118,"amount":-1.025390625},{"first":65,"second":121,"amount":-1.025390625},{"first":65,"second":122,"amount":0.24609375},{"first":66,"second":84,"amount":-0.5537109375},{"first":66,"second":86,"amount":-0.4921875},{"first":66,"second":89,"amount":-1.1279296875},{"first":67,"second":84,"amount":-0.5947265625},{"first":68,"second":44,"amount":-2.091796875},{"first":68,"second":46,"amount":-2.091796875},{"first":68,"second":65,"amount":-0.4306640625},{"first":68,"second":84,"amount":-0.5537109375},{"first":68,"second":86,"amount":-0.451171875},{"first":68,"second":88,"amount":-0.451171875},{"first":68,"second":89,"amount":-0.8818359375},{"first":68,"second":90,"amount":-0.4716796875},{"first":69,"second":84,"amount":0.41015625},{"first":69,"second":99,"amount":-0.3896484375},{"first":69,"second":100,"amount":-0.3896484375},{"first":69,"second":101,"amount":-0.3896484375},{"first":69,"second":103,"amount":-0.3896484375},{"first":69,"second":111,"amount":-0.3896484375},{"first":69,"second":113,"amount":-0.3896484375},{"first":69,"second":117,"amount":-0.3486328125},{"first":69,"second":118,"amount":-0.533203125},{"first":69,"second":121,"amount":-0.533203125},{"first":70,"second":44,"amount":-4.798828125},{"first":70,"second":46,"amount":-4.798828125},{"first":70,"second":65,"amount":-3.486328125},{"first":70,"second":74,"amount":-5.4140625},{"first":70,"second":84,"amount":0.41015625},{"first":70,"second":97,"amount":-0.697265625},{"first":70,"second":99,"amount":-0.4306640625},{"first":70,"second":100,"amount":-0.4306640625},{"first":70,"second":101,"amount":-0.4306640625},{"first":70,"second":103,"amount":-0.4306640625},{"first":70,"second":111,"amount":-0.4306640625},{"first":70,"second":113,"amount":-0.4306640625},{"first":70,"second":114,"amount":-0.533203125},{"first":70,"second":117,"amount":-0.451171875},{"first":70,"second":118,"amount":-0.4921875},{"first":70,"second":121,"amount":-0.4921875},{"first":72,"second":65,"amount":0.369140625},{"first":72,"second":84,"amount":-0.5947265625},{"first":72,"second":88,"amount":0.3486328125},{"first":72,"second":89,"amount":-0.57421875},{"first":73,"second":65,"amount":0.369140625},{"first":73,"second":84,"amount":-0.5947265625},{"first":73,"second":88,"amount":0.3486328125},{"first":73,"second":89,"amount":-0.57421875},{"first":74,"second":65,"amount":-0.451171875},{"first":75,"second":45,"amount":-1.3125},{"first":75,"second":67,"amount":-0.6357421875},{"first":75,"second":71,"amount":-0.6357421875},{"first":75,"second":79,"amount":-0.6357421875},{"first":75,"second":81,"amount":-0.6357421875},{"first":75,"second":99,"amount":-0.533203125},{"first":75,"second":100,"amount":-0.533203125},{"first":75,"second":101,"amount":-0.533203125},{"first":75,"second":103,"amount":-0.533203125},{"first":75,"second":109,"amount":-0.4716796875},{"first":75,"second":110,"amount":-0.4716796875},{"first":75,"second":111,"amount":-0.5537109375},{"first":75,"second":112,"amount":-0.4716796875},{"first":75,"second":113,"amount":-0.533203125},{"first":75,"second":117,"amount":-0.4716796875},{"first":75,"second":118,"amount":-0.8203125},{"first":75,"second":121,"amount":-0.8203125},{"first":76,"second":34,"amount":-6.890625},{"first":76,"second":39,"amount":-6.890625},{"first":76,"second":65,"amount":0.3896484375},{"first":76,"second":67,"amount":-1.3330078125},{"first":76,"second":71,"amount":-1.3330078125},{"first":76,"second":79,"amount":-1.3330078125},{"first":76,"second":81,"amount":-1.3330078125},{"first":76,"second":84,"amount":-5.6396484375},{"first":76,"second":85,"amount":-1.107421875},{"first":76,"second":86,"amount":-3.5888671875},{"first":76,"second":87,"amount":-2.9326171875},{"first":76,"second":89,"amount":-4.9013671875},{"first":76,"second":117,"amount":-0.90234375},{"first":76,"second":118,"amount":-2.7275390625},{"first":76,"second":121,"amount":-2.7275390625},{"first":77,"second":65,"amount":0.369140625},{"first":77,"second":84,"amount":-0.5947265625},{"first":77,"second":88,"amount":0.3486328125},{"first":77,"second":89,"amount":-0.57421875},{"first":78,"second":65,"amount":0.369140625},{"first":78,"second":84,"amount":-0.5947265625},{"first":78,"second":88,"amount":0.3486328125},{"first":78,"second":89,"amount":-0.57421875},{"first":79,"second":44,"amount":-2.091796875},{"first":79,"second":46,"amount":-2.091796875},{"first":79,"second":65,"amount":-0.4306640625},{"first":79,"second":84,"amount":-0.5537109375},{"first":79,"second":86,"amount":-0.451171875},{"first":79,"second":88,"amount":-0.451171875},{"first":79,"second":89,"amount":-0.8818359375},{"first":79,"second":90,"amount":-0.4716796875},{"first":80,"second":44,"amount":-6.64453125},{"first":80,"second":46,"amount":-6.64453125},{"first":80,"second":65,"amount":-2.830078125},{"first":80,"second":74,"amount":-4.1015625},{"first":80,"second":88,"amount":-0.6357421875},{"first":80,"second":90,"amount":-0.533203125},{"first":80,"second":97,"amount":-0.2255859375},{"first":80,"second":99,"amount":-0.2666015625},{"first":80,"second":100,"amount":-0.2666015625},{"first":80,"second":101,"amount":-0.2666015625},{"first":80,"second":103,"amount":-0.2666015625},{"first":80,"second":111,"amount":-0.2666015625},{"first":80,"second":113,"amount":-0.2666015625},{"first":80,"second":118,"amount":0.3076171875},{"first":80,"second":121,"amount":0.3076171875},{"first":81,"second":84,"amount":-0.8818359375},{"first":81,"second":86,"amount":-0.57421875},{"first":81,"second":87,"amount":-0.41015625},{"first":81,"second":89,"amount":-0.7177734375},{"first":82,"second":84,"amount":-1.640625},{"first":82,"second":86,"amount":-0.3896484375},{"first":82,"second":89,"amount":-0.984375},{"first":84,"second":44,"amount":-4.470703125},{"first":84,"second":45,"amount":-4.7578125},{"first":84,"second":46,"amount":-4.470703125},{"first":84,"second":65,"amount":-1.6201171875},{"first":84,"second":67,"amount":-0.57421875},{"first":84,"second":71,"amount":-0.57421875},{"first":84,"second":74,"amount":-4.921875},{"first":84,"second":79,"amount":-0.57421875},{"first":84,"second":81,"amount":-0.57421875},{"first":84,"second":83,"amount":-0.328125},{"first":84,"second":84,"amount":0.328125},{"first":84,"second":86,"amount":0.328125},{"first":84,"second":87,"amount":0.3076171875},{"first":84,"second":89,"amount":0.328125},{"first":84,"second":97,"amount":-2.3173828125},{"first":84,"second":99,"amount":-2.0302734375},{"first":84,"second":100,"amount":-2.0302734375},{"first":84,"second":101,"amount":-2.0302734375},{"first":84,"second":103,"amount":-2.0302734375},{"first":84,"second":109,"amount":-2.2353515625},{"first":84,"second":110,"amount":-2.2353515625},{"first":84,"second":111,"amount":-2.0302734375},{"first":84,"second":112,"amount":-2.2353515625},{"first":84,"second":113,"amount":-2.0302734375},{"first":84,"second":115,"amount":-2.37890625},{"first":84,"second":117,"amount":-1.9482421875},{"first":84,"second":118,"amount":-1.4765625},{"first":84,"second":120,"amount":-1.5791015625},{"first":84,"second":121,"amount":-1.4765625},{"first":84,"second":122,"amount":-1.23046875},{"first":85,"second":65,"amount":-0.451171875},{"first":86,"second":44,"amount":-4.6142578125},{"first":86,"second":45,"amount":-0.7587890625},{"first":86,"second":46,"amount":-4.6142578125},{"first":86,"second":65,"amount":-1.5380859375},{"first":86,"second":67,"amount":-0.2666015625},{"first":86,"second":71,"amount":-0.2666015625},{"first":86,"second":79,"amount":-0.2666015625},{"first":86,"second":81,"amount":-0.2666015625},{"first":86,"second":97,"amount":-0.943359375},{"first":86,"second":99,"amount":-0.90234375},{"first":86,"second":100,"amount":-0.90234375},{"first":86,"second":101,"amount":-0.90234375},{"first":86,"second":103,"amount":-0.90234375},{"first":86,"second":111,"amount":-0.943359375},{"first":86,"second":113,"amount":-0.90234375},{"first":86,"second":117,"amount":-0.57421875},{"first":86,"second":118,"amount":-0.2255859375},{"first":86,"second":121,"amount":-0.2255859375},{"first":87,"second":44,"amount":-2.5224609375},{"first":87,"second":45,"amount":-1.23046875},{"first":87,"second":46,"amount":-2.5224609375},{"first":87,"second":65,"amount":-0.8818359375},{"first":87,"second":84,"amount":0.287109375},{"first":87,"second":97,"amount":-0.6767578125},{"first":87,"second":99,"amount":-0.6357421875},{"first":87,"second":100,"amount":-0.6357421875},{"first":87,"second":101,"amount":-0.6357421875},{"first":87,"second":103,"amount":-0.6357421875},{"first":87,"second":111,"amount":-0.6357421875},{"first":87,"second":113,"amount":-0.6357421875},{"first":87,"second":117,"amount":-0.3896484375},{"first":88,"second":45,"amount":-0.943359375},{"first":88,"second":67,"amount":-0.5126953125},{"first":88,"second":71,"amount":-0.5126953125},{"first":88,"second":79,"amount":-0.5126953125},{"first":88,"second":81,"amount":-0.5126953125},{"first":88,"second":86,"amount":0.287109375},{"first":88,"second":99,"amount":-0.533203125},{"first":88,"second":100,"amount":-0.533203125},{"first":88,"second":101,"amount":-0.533203125},{"first":88,"second":103,"amount":-0.533203125},{"first":88,"second":111,"amount":-0.4306640625},{"first":88,"second":113,"amount":-0.533203125},{"first":88,"second":117,"amount":-0.4306640625},{"first":88,"second":118,"amount":-0.6357421875},{"first":88,"second":121,"amount":-0.6357421875},{"first":89,"second":44,"amount":-4.3271484375},{"first":89,"second":45,"amount":-1.06640625},{"first":89,"second":46,"amount":-4.3271484375},{"first":89,"second":65,"amount":-1.927734375},{"first":89,"second":67,"amount":-0.5947265625},{"first":89,"second":71,"amount":-0.5947265625},{"first":89,"second":74,"amount":-1.96875},{"first":89,"second":79,"amount":-0.5947265625},{"first":89,"second":81,"amount":-0.5947265625},{"first":89,"second":83,"amount":-0.328125},{"first":89,"second":84,"amount":0.3486328125},{"first":89,"second":85,"amount":-1.96875},{"first":89,"second":86,"amount":0.369140625},{"first":89,"second":87,"amount":0.3486328125},{"first":89,"second":88,"amount":0.2666015625},{"first":89,"second":89,"amount":0.369140625},{"first":89,"second":97,"amount":-1.4970703125},{"first":89,"second":99,"amount":-1.3330078125},{"first":89,"second":100,"amount":-1.3330078125},{"first":89,"second":101,"amount":-1.3330078125},{"first":89,"second":103,"amount":-1.3330078125},{"first":89,"second":109,"amount":-0.8203125},{"first":89,"second":110,"amount":-0.8203125},{"first":89,"second":111,"amount":-1.3330078125},{"first":89,"second":112,"amount":-0.8203125},{"first":89,"second":113,"amount":-1.3330078125},{"first":89,"second":115,"amount":-1.189453125},{"first":89,"second":117,"amount":-0.7998046875},{"first":89,"second":118,"amount":-0.41015625},{"first":89,"second":120,"amount":-0.4716796875},{"first":89,"second":121,"amount":-0.41015625},{"first":89,"second":122,"amount":-0.615234375},{"first":90,"second":65,"amount":0.2666015625},{"first":90,"second":67,"amount":-0.533203125},{"first":90,"second":71,"amount":-0.533203125},{"first":90,"second":79,"amount":-0.533203125},{"first":90,"second":81,"amount":-0.533203125},{"first":90,"second":99,"amount":-0.4306640625},{"first":90,"second":100,"amount":-0.4306640625},{"first":90,"second":101,"amount":-0.4306640625},{"first":90,"second":103,"amount":-0.4306640625},{"first":90,"second":111,"amount":-0.4306640625},{"first":90,"second":113,"amount":-0.4306640625},{"first":90,"second":117,"amount":-0.3896484375},{"first":90,"second":118,"amount":-0.5537109375},{"first":90,"second":121,"amount":-0.5537109375},{"first":91,"second":74,"amount":-0.369140625},{"first":91,"second":85,"amount":-0.369140625},{"first":97,"second":34,"amount":-1.3740234375},{"first":97,"second":39,"amount":-1.3740234375},{"first":97,"second":118,"amount":-0.3076171875},{"first":97,"second":121,"amount":-0.3076171875},{"first":98,"second":34,"amount":-0.5947265625},{"first":98,"second":39,"amount":-0.5947265625},{"first":98,"second":118,"amount":-0.2255859375},{"first":98,"second":120,"amount":-0.3076171875},{"first":98,"second":121,"amount":-0.2255859375},{"first":98,"second":122,"amount":-0.3076171875},{"first":99,"second":34,"amount":-0.2255859375},{"first":99,"second":39,"amount":-0.2255859375},{"first":101,"second":34,"amount":-0.287109375},{"first":101,"second":39,"amount":-0.287109375},{"first":101,"second":118,"amount":-0.2666015625},{"first":101,"second":121,"amount":-0.2666015625},{"first":102,"second":34,"amount":0.328125},{"first":102,"second":39,"amount":0.328125},{"first":102,"second":41,"amount":0.41015625},{"first":102,"second":93,"amount":0.369140625},{"first":102,"second":99,"amount":-0.4921875},{"first":102,"second":100,"amount":-0.4921875},{"first":102,"second":101,"amount":-0.4921875},{"first":102,"second":103,"amount":-0.4921875},{"first":102,"second":113,"amount":-0.4921875},{"first":102,"second":125,"amount":0.3896484375},{"first":104,"second":34,"amount":-2.1328125},{"first":104,"second":39,"amount":-2.1328125},{"first":107,"second":99,"amount":-0.41015625},{"first":107,"second":100,"amount":-0.41015625},{"first":107,"second":101,"amount":-0.41015625},{"first":107,"second":103,"amount":-0.41015625},{"first":107,"second":113,"amount":-0.41015625},{"first":109,"second":34,"amount":-2.1328125},{"first":109,"second":39,"amount":-2.1328125},{"first":110,"second":34,"amount":-2.1328125},{"first":110,"second":39,"amount":-2.1328125},{"first":111,"second":34,"amount":-2.7890625},{"first":111,"second":39,"amount":-2.7890625},{"first":111,"second":118,"amount":-0.3076171875},{"first":111,"second":120,"amount":-0.4306640625},{"first":111,"second":121,"amount":-0.3076171875},{"first":111,"second":122,"amount":-0.328125},{"first":112,"second":34,"amount":-0.5947265625},{"first":112,"second":39,"amount":-0.5947265625},{"first":112,"second":118,"amount":-0.2255859375},{"first":112,"second":120,"amount":-0.3076171875},{"first":112,"second":121,"amount":-0.2255859375},{"first":112,"second":122,"amount":-0.3076171875},{"first":114,"second":34,"amount":0.328125},{"first":114,"second":39,"amount":0.328125},{"first":114,"second":44,"amount":-2.5224609375},{"first":114,"second":46,"amount":-2.5224609375},{"first":114,"second":97,"amount":-0.8203125},{"first":114,"second":99,"amount":-0.3896484375},{"first":114,"second":100,"amount":-0.3896484375},{"first":114,"second":101,"amount":-0.3896484375},{"first":114,"second":103,"amount":-0.3896484375},{"first":114,"second":111,"amount":-0.41015625},{"first":114,"second":113,"amount":-0.3896484375},{"first":114,"second":118,"amount":0.369140625},{"first":114,"second":121,"amount":0.369140625},{"first":116,"second":111,"amount":-0.41015625},{"first":118,"second":34,"amount":0.3076171875},{"first":118,"second":39,"amount":0.3076171875},{"first":118,"second":44,"amount":-2.1943359375},{"first":118,"second":46,"amount":-2.1943359375},{"first":118,"second":97,"amount":-0.3076171875},{"first":118,"second":99,"amount":-0.2666015625},{"first":118,"second":100,"amount":-0.2666015625},{"first":118,"second":101,"amount":-0.2666015625},{"first":118,"second":103,"amount":-0.2666015625},{"first":118,"second":111,"amount":-0.3076171875},{"first":118,"second":113,"amount":-0.2666015625},{"first":119,"second":44,"amount":-2.54296875},{"first":119,"second":46,"amount":-2.54296875},{"first":120,"second":99,"amount":-0.41015625},{"first":120,"second":100,"amount":-0.41015625},{"first":120,"second":101,"amount":-0.41015625},{"first":120,"second":103,"amount":-0.41015625},{"first":120,"second":111,"amount":-0.41015625},{"first":120,"second":113,"amount":-0.41015625},{"first":121,"second":34,"amount":0.3076171875},{"first":121,"second":39,"amount":0.3076171875},{"first":121,"second":44,"amount":-2.1943359375},{"first":121,"second":46,"amount":-2.1943359375},{"first":121,"second":97,"amount":-0.3076171875},{"first":121,"second":99,"amount":-0.2666015625},{"first":121,"second":100,"amount":-0.2666015625},{"first":121,"second":101,"amount":-0.2666015625},{"first":121,"second":103,"amount":-0.2666015625},{"first":121,"second":111,"amount":-0.3076171875},{"first":121,"second":113,"amount":-0.2666015625},{"first":122,"second":99,"amount":-0.328125},{"first":122,"second":100,"amount":-0.328125},{"first":122,"second":101,"amount":-0.328125},{"first":122,"second":103,"amount":-0.328125},{"first":122,"second":111,"amount":-0.328125},{"first":122,"second":113,"amount":-0.328125},{"first":123,"second":74,"amount":-0.41015625},{"first":123,"second":85,"amount":-0.41015625}]}